<?xml version="1.0" encoding="UTF-8"?>
<metadata xml:lang="en"><Esri><CreaDate>20260107</CreaDate><CreaTime>18403800</CreaTime><ArcGISFormat>1.0</ArcGISFormat><ArcGISstyle>ISO 19139 Metadata Implementation Specification GML3.2</ArcGISstyle><SyncOnce>FALSE</SyncOnce><DataProperties><lineage><Process ToolSource="c:\program files (x86)\arcgis\desktop10.7\ArcToolbox\Toolboxes\Data Management Tools.tbx\CalculateField" Date="20221103" Time="082709">CalculateField "Wilayah Admnistrasi Kecamatan" NAMOBJ "Area tidak terdefinisi" VB #</Process><Process ToolSource="c:\program files (x86)\arcgis\desktop10.8\ArcToolbox\Toolboxes\Data Management Tools.tbx\CalculateField" Date="20230313" Time="163537">CalculateField "Wilayah Administrasi Kecamatan" METADATA "TASWIL1000020221227_DATA_BATAS_DESAKELURAHAN" VB #</Process><Process ToolSource="c:\program files (x86)\arcgis\desktop10.8\ArcToolbox\Toolboxes\Data Management Tools.tbx\CalculateField" Date="20230315" Time="114345">CalculateField "Wilayah Administrasi Kecamatan" METADATA "TASWIL1000020221227_DATA_BATAS_DESAKELURAHAN" VB #</Process></lineage><itemProps><itemName Sync="TRUE">ADMINISTRASI_AR_KECAMATAN</itemName><nativeExtBox><westBL Sync="TRUE">94.971911</westBL><eastBL Sync="TRUE">141.020042</eastBL><southBL Sync="TRUE">-11.007615</southBL><northBL Sync="TRUE">6.076832</northBL><exTypeCode Sync="TRUE">1</exTypeCode></nativeExtBox><itemLocation><linkage Sync="TRUE">file://\\10.10.129.151\rbi\01_DATA_RBI\04_KABKOT\PROV JAWA BARAT\KAB BANDUNG\RBI25K_KAB_BANDUNG_KUGI50_20221231.gdb</linkage><protocol Sync="TRUE">Local Area Network</protocol></itemLocation><imsContentType Sync="TRUE">002</imsContentType></itemProps><coordRef><type Sync="TRUE">Geographic</type><geogcsn Sync="TRUE">GCS_WGS_1984</geogcsn><csUnits Sync="TRUE">Angular Unit: Degree (0.017453)</csUnits><peXml Sync="TRUE">&lt;GeographicCoordinateSystem xsi:type='typens:GeographicCoordinateSystem' xmlns:xsi='http://www.w3.org/2001/XMLSchema-instance' xmlns:xs='http://www.w3.org/2001/XMLSchema' xmlns:typens='http://www.esri.com/schemas/ArcGIS/10.8'&gt;&lt;WKT&gt;GEOGCS[&amp;quot;GCS_WGS_1984&amp;quot;,DATUM[&amp;quot;D_WGS_1984&amp;quot;,SPHEROID[&amp;quot;WGS_1984&amp;quot;,6378137.0,298.257223563]],PRIMEM[&amp;quot;Greenwich&amp;quot;,0.0],UNIT[&amp;quot;Degree&amp;quot;,0.0174532925199433]],VERTCS[&amp;quot;EGM2008_Geoid&amp;quot;,VDATUM[&amp;quot;EGM2008_Geoid&amp;quot;],PARAMETER[&amp;quot;Vertical_Shift&amp;quot;,0.0],PARAMETER[&amp;quot;Direction&amp;quot;,1.0],UNIT[&amp;quot;Meter&amp;quot;,1.0]]&lt;/WKT&gt;&lt;XOrigin&gt;-400&lt;/XOrigin&gt;&lt;YOrigin&gt;-400&lt;/YOrigin&gt;&lt;XYScale&gt;999999999.99999988&lt;/XYScale&gt;&lt;ZOrigin&gt;-100000&lt;/ZOrigin&gt;&lt;ZScale&gt;10000&lt;/ZScale&gt;&lt;MOrigin&gt;-100000&lt;/MOrigin&gt;&lt;MScale&gt;10000&lt;/MScale&gt;&lt;XYTolerance&gt;8.983152841195215e-09&lt;/XYTolerance&gt;&lt;ZTolerance&gt;0.001&lt;/ZTolerance&gt;&lt;MTolerance&gt;0.001&lt;/MTolerance&gt;&lt;HighPrecision&gt;true&lt;/HighPrecision&gt;&lt;LeftLongitude&gt;-180&lt;/LeftLongitude&gt;&lt;WKID&gt;4326&lt;/WKID&gt;&lt;LatestWKID&gt;4326&lt;/LatestWKID&gt;&lt;VCSWKID&gt;105790&lt;/VCSWKID&gt;&lt;LatestVCSWKID&gt;3855&lt;/LatestVCSWKID&gt;&lt;/GeographicCoordinateSystem&gt;</peXml></coordRef></DataProperties><SyncDate>20230317</SyncDate><SyncTime>11031900</SyncTime><ModDate>20230317</ModDate><ModTime>11031900</ModTime><scaleRange><minScale>50000</minScale><maxScale>5000</maxScale></scaleRange></Esri><eainfo><detailed Name="ADMINISTRASI_AR_KECAMATAN"><enttyp><enttypl Sync="TRUE">ADMINISTRASI_AR_KECAMATAN</enttypl><enttypt Sync="TRUE">Feature Class</enttypt><enttypc Sync="TRUE">7302</enttypc></enttyp><attr><attrlabl Sync="TRUE">OBJECTID</attrlabl><attalias Sync="TRUE">OBJECTID</attalias><attrtype Sync="TRUE">OID</attrtype><attwidth Sync="TRUE">4</attwidth><atprecis Sync="TRUE">0</atprecis><attscale Sync="TRUE">0</attscale><attrdef Sync="TRUE">Internal feature number.</attrdef><attrdefs Sync="TRUE">Esri</attrdefs><attrdomv><udom Sync="TRUE">Sequential unique whole numbers that are automatically generated.</udom></attrdomv></attr><attr><attrlabl Sync="TRUE">SHAPE</attrlabl><attalias Sync="TRUE">SHAPE</attalias><attrtype Sync="TRUE">Geometry</attrtype><attwidth Sync="TRUE">0</attwidth><atprecis Sync="TRUE">0</atprecis><attscale Sync="TRUE">0</attscale><attrdef Sync="TRUE">Feature geometry.</attrdef><attrdefs Sync="TRUE">Esri</attrdefs><attrdomv><udom Sync="TRUE">Coordinates defining the features.</udom></attrdomv></attr><attr><attrlabl Sync="TRUE">NAMOBJ</attrlabl><attalias Sync="TRUE">Nama Objek</attalias><attrtype Sync="TRUE">String</attrtype><attwidth Sync="TRUE">250</attwidth><atprecis Sync="TRUE">0</atprecis><attscale Sync="TRUE">0</attscale></attr><attr><attrlabl Sync="TRUE">FCODE</attrlabl><attalias Sync="TRUE">Feature Code</attalias><attrtype Sync="TRUE">String</attrtype><attwidth Sync="TRUE">50</attwidth><atprecis Sync="TRUE">0</atprecis><attscale Sync="TRUE">0</attscale></attr><attr><attrlabl Sync="TRUE">REMARK</attrlabl><attalias Sync="TRUE">Catatan</attalias><attrtype Sync="TRUE">String</attrtype><attwidth Sync="TRUE">250</attwidth><atprecis Sync="TRUE">0</atprecis><attscale Sync="TRUE">0</attscale></attr><attr><attrlabl Sync="TRUE">METADATA</attrlabl><attalias Sync="TRUE">METADATA</attalias><attrtype Sync="TRUE">String</attrtype><attwidth Sync="TRUE">50</attwidth><atprecis Sync="TRUE">0</atprecis><attscale Sync="TRUE">0</attscale></attr><attr><attrlabl Sync="TRUE">SRS_ID</attrlabl><attalias Sync="TRUE">Spatial Reference Spatial Identifier</attalias><attrtype Sync="TRUE">String</attrtype><attwidth Sync="TRUE">50</attwidth><atprecis Sync="TRUE">0</atprecis><attscale Sync="TRUE">0</attscale></attr><attr><attrlabl Sync="TRUE">KDBBPS</attrlabl><attalias Sync="TRUE">Kode BPS Kabupaten/Kota</attalias><attrtype Sync="TRUE">String</attrtype><attwidth Sync="TRUE">50</attwidth><atprecis Sync="TRUE">0</atprecis><attscale Sync="TRUE">0</attscale></attr><attr><attrlabl Sync="TRUE">KDCBPS</attrlabl><attalias Sync="TRUE">Kode BPS Kecamatan/Distrik</attalias><attrtype Sync="TRUE">String</attrtype><attwidth Sync="TRUE">50</attwidth><atprecis Sync="TRUE">0</atprecis><attscale Sync="TRUE">0</attscale></attr><attr><attrlabl Sync="TRUE">KDCPUM</attrlabl><attalias Sync="TRUE">Kode PUM Kecamatan/Distrik</attalias><attrtype Sync="TRUE">String</attrtype><attwidth Sync="TRUE">50</attwidth><atprecis Sync="TRUE">0</atprecis><attscale Sync="TRUE">0</attscale></attr><attr><attrlabl Sync="TRUE">KDEBPS</attrlabl><attalias Sync="TRUE">Kode BPS Kelurahan/Desa</attalias><attrtype Sync="TRUE">String</attrtype><attwidth Sync="TRUE">50</attwidth><atprecis Sync="TRUE">0</atprecis><attscale Sync="TRUE">0</attscale></attr><attr><attrlabl Sync="TRUE">KDEPUM</attrlabl><attalias Sync="TRUE">Kode PUM Kelurahan/Desa</attalias><attrtype Sync="TRUE">String</attrtype><attwidth Sync="TRUE">50</attwidth><atprecis Sync="TRUE">0</atprecis><attscale Sync="TRUE">0</attscale></attr><attr><attrlabl Sync="TRUE">KDPBPS</attrlabl><attalias Sync="TRUE">Kode BPS Provinsi</attalias><attrtype Sync="TRUE">String</attrtype><attwidth Sync="TRUE">50</attwidth><atprecis Sync="TRUE">0</atprecis><attscale Sync="TRUE">0</attscale></attr><attr><attrlabl Sync="TRUE">KDPKAB</attrlabl><attalias Sync="TRUE">Kode PUM Kabupaten/Kota</attalias><attrtype Sync="TRUE">String</attrtype><attwidth Sync="TRUE">50</attwidth><atprecis Sync="TRUE">0</atprecis><attscale Sync="TRUE">0</attscale></attr><attr><attrlabl Sync="TRUE">KDPPUM</attrlabl><attalias Sync="TRUE">Kode PUM Provinsi</attalias><attrtype Sync="TRUE">String</attrtype><attwidth Sync="TRUE">50</attwidth><atprecis Sync="TRUE">0</atprecis><attscale Sync="TRUE">0</attscale></attr><attr><attrlabl Sync="TRUE">LUASWH</attrlabl><attalias Sync="TRUE">Luas Wilayah Menurut Peraturan (HA)</attalias><attrtype Sync="TRUE">Double</attrtype><attwidth Sync="TRUE">8</attwidth><atprecis Sync="TRUE">0</atprecis><attscale Sync="TRUE">0</attscale></attr><attr><attrlabl Sync="TRUE">TIPADM</attrlabl><attalias Sync="TRUE">Tipe Administrasi</attalias><attrtype Sync="TRUE">Integer</attrtype><attwidth Sync="TRUE">4</attwidth><atprecis Sync="TRUE">0</atprecis><attscale Sync="TRUE">0</attscale></attr><attr><attrlabl Sync="TRUE">WADMKC</attrlabl><attalias Sync="TRUE">Nama wilayah administrasi Kecamatan atau Distrik</attalias><attrtype Sync="TRUE">String</attrtype><attwidth Sync="TRUE">50</attwidth><atprecis Sync="TRUE">0</atprecis><attscale Sync="TRUE">0</attscale></attr><attr><attrlabl Sync="TRUE">WADMKD</attrlabl><attalias Sync="TRUE">Nama wilayah administrasi Kelurahan atau Desa</attalias><attrtype Sync="TRUE">String</attrtype><attwidth Sync="TRUE">50</attwidth><atprecis Sync="TRUE">0</atprecis><attscale Sync="TRUE">0</attscale></attr><attr><attrlabl Sync="TRUE">WADMKK</attrlabl><attalias Sync="TRUE">Nama wilayah administrasi Kabupaten/ Kota</attalias><attrtype Sync="TRUE">String</attrtype><attwidth Sync="TRUE">50</attwidth><atprecis Sync="TRUE">0</atprecis><attscale Sync="TRUE">0</attscale></attr><attr><attrlabl Sync="TRUE">WADMPR</attrlabl><attalias Sync="TRUE">Nama wilayah administrasi Provinsi</attalias><attrtype Sync="TRUE">String</attrtype><attwidth Sync="TRUE">50</attwidth><atprecis Sync="TRUE">0</atprecis><attscale Sync="TRUE">0</attscale></attr><attr><attrlabl Sync="TRUE">WIADKC</attrlabl><attalias Sync="TRUE">Nama wilayah induk administrasi Kecamatan/Distrik</attalias><attrtype Sync="TRUE">String</attrtype><attwidth Sync="TRUE">50</attwidth><atprecis Sync="TRUE">0</atprecis><attscale Sync="TRUE">0</attscale></attr><attr><attrlabl Sync="TRUE">WIADKK</attrlabl><attalias Sync="TRUE">Nama wilayah induk administrasi Kebupaten/ Kota</attalias><attrtype Sync="TRUE">String</attrtype><attwidth Sync="TRUE">50</attwidth><atprecis Sync="TRUE">0</atprecis><attscale Sync="TRUE">0</attscale></attr><attr><attrlabl Sync="TRUE">WIADPR</attrlabl><attalias Sync="TRUE">Nama wilayah induk administrasi Propinsi</attalias><attrtype Sync="TRUE">String</attrtype><attwidth Sync="TRUE">50</attwidth><atprecis Sync="TRUE">0</atprecis><attscale Sync="TRUE">0</attscale></attr><attr><attrlabl Sync="TRUE">WIADKD</attrlabl><attalias Sync="TRUE">Nama wilayah induk administrasi Kelurahan/Desa 
</attalias><attrtype Sync="TRUE">String</attrtype><attwidth Sync="TRUE">50</attwidth><atprecis Sync="TRUE">0</atprecis><attscale Sync="TRUE">0</attscale></attr><attr><attrlabl Sync="TRUE">UUPP</attrlabl><attalias Sync="TRUE">Referensi Peraturan</attalias><attrtype Sync="TRUE">String</attrtype><attwidth Sync="TRUE">150</attwidth><atprecis Sync="TRUE">0</atprecis><attscale Sync="TRUE">0</attscale></attr><attr><attrlabl Sync="TRUE">luas</attrlabl><attalias Sync="TRUE">luas</attalias><attrtype Sync="TRUE">Double</attrtype><attwidth Sync="TRUE">8</attwidth><atprecis Sync="TRUE">0</atprecis><attscale Sync="TRUE">0</attscale></attr><attr><attrlabl Sync="TRUE">SHAPE_Length</attrlabl><attalias Sync="TRUE">SHAPE_Length</attalias><attrtype Sync="TRUE">Double</attrtype><attwidth Sync="TRUE">8</attwidth><atprecis Sync="TRUE">0</atprecis><attscale Sync="TRUE">0</attscale><attrdef Sync="TRUE">Length of feature in internal units.</attrdef><attrdefs Sync="TRUE">Esri</attrdefs><attrdomv><udom Sync="TRUE">Positive real numbers that are automatically generated.</udom></attrdomv></attr><attr><attrlabl Sync="TRUE">SHAPE_Area</attrlabl><attalias Sync="TRUE">SHAPE_Area</attalias><attrtype Sync="TRUE">Double</attrtype><attwidth Sync="TRUE">8</attwidth><atprecis Sync="TRUE">0</atprecis><attscale Sync="TRUE">0</attscale><attrdef Sync="TRUE">Area of feature in internal units squared.</attrdef><attrdefs Sync="TRUE">Esri</attrdefs><attrdomv><udom Sync="TRUE">Positive real numbers that are automatically generated.</udom></attrdomv></attr></detailed></eainfo><mdFileID>TASWIL1000020221227_DATA_BATAS_DESA/KELURAHAN</mdFileID><mdLang><languageCode value="ind"/><countryCode value="IDN" Sync="TRUE"></countryCode></mdLang><mdChar><CharSetCd value="004"/></mdChar><mdHrLv><ScopeCd value="005"/></mdHrLv><mdHrLvName Sync="TRUE">dataset</mdHrLvName><mdContact><rpIndName>Astrit Rimayanti</rpIndName><rpOrgName>Badan Informasi Geospasial</rpOrgName><rpPosName>Kepala Pusat Pemetaan Batas Wilayah</rpPosName><rpCntInfo><cntPhone><voiceNum>(021) 8754654</voiceNum></cntPhone></rpCntInfo><role><RoleCd value="001"/></role></mdContact><mdDateSt Sync="TRUE">20230317</mdDateSt><mdStanName>ArcGIS Metadata</mdStanName><mdStanVer>1.0</mdStanVer><distInfo><distFormat><formatName Sync="TRUE">File Geodatabase Feature Class</formatName><formatVer/></distFormat></distInfo><dataIdInfo><idCitation><resTitle Sync="TRUE">ADMINISTRASI_AR_KECAMATAN</resTitle><date><reviseDate>2023-03-09T00:00:00</reviseDate></date><resEdDate>20210531</resEdDate><presForm><PresFormCd value="005"/></presForm></idCitation><idAbs>Geodatabase data batas wilayah administrasi desa/kelurahan edisi tahun 2022 (revisi edisi 27 Desember 2022) merupakan pemutakhiran dari Geodatabase data batas wilayah administrasi desa/kelurahan edisi bulan Mei tahun 2021. Proses pemutakhiran yang dilakukan antara lain: (1) Pemuktahiran data batas administrasi desa/kelurahan hasil Kesepakatan Teknis Batas Wilayah Administrasi Desa/Kelurahan Tahun 2021; (2) Penyelarasan batas desa/kelurahan pada batas kabupaten/kota; (3) Penyelarasan area saling klaim dan tidak terdefinisi dengan metode thiessen polygon, dan dibagi berdasarkan prinsip sama jarak lalu digabungkan dengan desa/kelurahan di sekitarnya; (4) Sinkronisasi data wilayah administrasi desa/kelurahan berdasarkan Kepmendagri 050-145 Tahun 2022 tentang Pemberian dan Pemutakhiran Kode, Data Wilayah Administrasi Pemerintahan dan Pulau Tahun 2021; (5) Pemutakhiran garis pantai menggunakan data garis pantai dari PPKLP tahun 2022; (6) Penyesuaian alokasi wilayah administrasi provinsi baru di Papua Barat; (7) Perubahan kodewil Desa Botain dari 92.04.22.2010 menjadi 92.01.54.2005 sesuai Kepmendagri 100.1.1-6117; (8) Perubahan geometri batas desa/kelurahan mengikuti Permendagri Kabupaten/Kota terbaru.Sumber data pada geodatabase ini antara lain data batas desa/kelurahan hasil kegiatan Ajudikasi Batas Desa tahun 2013 - 2015, Delineasi Batas Wilayah Administrasi desa secara kartometrik tahun 2016 - 2017, Delineasi batas wilayah administrasi desa secara kartometrik tanpa kesepakatan tahun 2018 - 2019, sinkronisasi data batas desa hasil penetapan Pemerintah Daerah mengacu pada standar nasional Katalog Unsur Geografi Indonesia (KUGI) tahun 2019, Kesepakatan Teknis batas wilayah administrasi desa tahun 2020, Kesepakatan Teknis Batas Wilayah Administrasi Desa/Kelurahan Tahun 2021, Delineasi batas wilayah administrasi desa melalui kegiatan perjanjian Kerja Sama antara BIG dengan Pemerintah Daerah baik melalui PKS maupun PNBP, data batas wilayah administrasi desa/kelurahan dari Pemerintah Daerah, dan data batas wilayah administrasi desa dari Peta Rupa Bumi Indonesia. Geodatabase ini dibuat menggunakan Garis Pantai Edisi Tahun 2022. Beberapa catatan tambahan dalam Geodatabase data batas wilayah administrasi desa/kelurahan tahun 2022 ini diantaranya adalah : (1) Masih terdapat area tidak terdefinisi untuk wilayah pulau dan danau; (2) Masih terdapat beberapa desa/kelurahan yang tidak ada dalam data spasial karena merupakan hasil pemekaran, rekap daftar desa yang belum ada dalam database ini terlampir dalam tabel rekapitulasi indeks desa berdasarkan Kepmendagri 050-145 Tahun 2022 tentang Pemberian dan Pemutakhiran Kode, Data Wilayah Administrasi Pemerintahan dan Pulau Tahun 2021; (3) Masih terdapat kondisi desa yang memiliki perbedaan cakupan wilayah administrasi Kecamatan antara data spasial dengan Kepmendagri 050-145 Tahun 2022 di wilayah Papua; (5) Terdapat beberapa wilayah desa yang belum dapat disesuaikan ke batas kabupaten/kota; (6) Terdapat wilayah desa terapung yang tidak tergambarkan pada data garis pantai namun terdefinisi dalam kode dan data wilayah administrasi.</idAbs><idPoC><rpIndName>Astrit Rimayanti</rpIndName><rpOrgName>Badan Informasi Geospasial</rpOrgName><rpPosName>Kepala Pusat Pemetaan Batas Wilayah</rpPosName><role><RoleCd value="011"/></role></idPoC><resMaint><maintFreq><MaintFreqCd value="010"/></maintFreq><maintScp><ScopeCd value="009"/></maintScp><maintScp><ScopeCd value="001"/></maintScp></resMaint><dsFormat><formatName>Geodatabase</formatName><formatVer>Edisi Tahun 2022</formatVer><formatSpec>ADMINISTRASI_AR</formatSpec></dsFormat><themeKeys><keyword>Geodatabase batas wilayah administrasi desa/kelurahan</keyword></themeKeys><searchKeys><keyword>Geodatabase batas wilayah administrasi desa/kelurahan</keyword></searchKeys><idSpecUse><specUsage>Data ini dapat digunakan selama belum tersedia data batas desa/kelurahan yang sudah definitif</specUsage><usageDate>2022-10-17T00:00:00</usageDate><usrCntInfo><rpIndName>Astrit Rimayanti</rpIndName><rpOrgName>Pusat Pemetaan Batas Wilayah BIG</rpOrgName><rpPosName>Kepala Pusat Pemetaan Batas Wilayah</rpPosName><role><RoleCd value="003"/></role></usrCntInfo></idSpecUse><resConst><Consts><useLimit>Data ini tidak dapat digunakan sebagai referensi resmi selama belum tersedia data batas desa/kelurahan yang sudah definitif</useLimit></Consts></resConst><spatRpType><SpatRepTypCd value="001"/></spatRpType><dataScale><equScale><rfDenom>10000</rfDenom></equScale></dataScale><dataLang><languageCode value="ind"/><countryCode value="IDN" Sync="TRUE"></countryCode></dataLang><dataChar><CharSetCd value="004"/></dataChar><tpCat><TopicCatCd value="003"/></tpCat><envirDesc Sync="TRUE"> Version 6.2 (Build 9200) ; Esri ArcGIS 10.8.1.14362</envirDesc><dataExt><geoEle><GeoBndBox><westBL>94.9719110460001</westBL><eastBL>141.020041789</eastBL><southBL>-11.007615377</southBL><northBL>6.07683220400005</northBL></GeoBndBox></geoEle><vertEle><vertMinVal>0</vertMinVal><vertMaxVal>1876.8178</vertMaxVal></vertEle></dataExt><dataExt><geoEle><GeoBndBox><exTypeCode>true</exTypeCode><westBL>94.971911</westBL><eastBL>141.020042</eastBL><southBL>-11.007615</southBL><northBL>6.076832</northBL></GeoBndBox></geoEle></dataExt><dataExt><geoEle><GeoBndBox esriExtentType="search"><exTypeCode Sync="TRUE">1</exTypeCode><westBL Sync="TRUE">94.971911</westBL><eastBL Sync="TRUE">141.020042</eastBL><northBL Sync="TRUE">6.076832</northBL><southBL Sync="TRUE">-11.007615</southBL></GeoBndBox></geoEle></dataExt></dataIdInfo><appSchInfo><asSchLang>xml</asSchLang><asCstLang/></appSchInfo><dqInfo><dqScope><scpLvl><ScopeCd value="005"/></scpLvl></dqScope><dataLineage><statement>Data ini merupakan kompilasi data batas wilayah administrasi desa/kelurahan dari berbagai sumber</statement><prcStep><stepDesc>Proses pemutakhiran yang dilakukan antara lain: (1) Pemuktahiran data batas administrasi desa/kelurahan hasil Kesepakatan Teknis Batas Wilayah Administrasi Desa/Kelurahan Tahun 2021; (2) Penyelarasan batas desa/kelurahan pada batas kabupaten/kota; (3) Penyelarasan area saling klaim dan tidak terdefinisi dengan metode thiessen polygon, dan dibagi berdasarkan prinsip sama jarak lalu digabungkan dengan desa/kelurahan di sekitarnya; (4) Sinkronisasi data wilayah administrasi desa/kelurahan berdasarkan Kepmendagri 050-145 Tahun 2022 tentang Pemberian dan Pemutakhiran Kode, Data Wilayah Administrasi Pemerintahan dan Pulau Tahun 2021; (5) Pemutakhiran garis pantai menggunakan data garis pantai dari PPKLP tahun 2022.</stepDesc></prcStep><dataSource><srcDesc>Sumber data pada geodatabase ini antara lain data batas desa/kelurahan hasil kegiatan Ajudikasi Batas Desa tahun 2013 - 2015, Delineasi Batas Wilayah Administrasi desa secara kartometrik tahun 2016 - 2017, Delineasi batas wilayah administrasi desa secara kartometrik tanpa kesepakatan tahun 2018 - 2019, sinkronisasi data batas desa hasil penetapan Pemerintah Daerah mengacu pada standar nasional Katalog Unsur Geografi Indonesia (KUGI) tahun 2019, Kesepakatan Teknis batas wilayah administrasi desa tahun 2020, Kesepakatan Teknis Batas Wilayah Administrasi Desa/Kelurahan Tahun 2021, Delineasi batas wilayah administrasi desa melalui kegiatan perjanjian Kerja Sama antara BIG dengan Pemerintah Daerah baik melalui PKS maupun PNBP, data batas wilayah administrasi desa/kelurahan dari Pemerintah Daerah, dan data batas wilayah administrasi desa dari Peta Rupa Bumi Indonesia.</srcDesc></dataSource></dataLineage></dqInfo><spatRepInfo><VectSpatRep><geometObjs Name="ADMINISTRASI_AR_KECAMATAN"><geoObjTyp><GeoObjTypCd value="002" Sync="TRUE"></GeoObjTypCd></geoObjTyp><geoObjCnt Sync="TRUE">7302</geoObjCnt></geometObjs><topLvl><TopoLevCd value="001" Sync="TRUE"></TopoLevCd></topLvl></VectSpatRep></spatRepInfo><refSysInfo><RefSystem><refSysID><identCode code="EPSG 4326"/><idCodeSpace Sync="TRUE">EPSG</idCodeSpace><idVersion Sync="TRUE">6.14(3.0.1)</idVersion></refSysID></RefSystem></refSysInfo><contInfo><FetCatDesc><compCode>true</compCode><catLang><languageCode value="ind"/></catLang><incWithDS>true</incWithDS><catCitation><resTitle>Batas Wilayah Administrasi Desa/Kelurahan Indonesia</resTitle><date><createDate>2022-10-17T00:00:00</createDate></date><resEd>Edisi Tahun 2022</resEd><resEdDate>20221017</resEdDate></catCitation></FetCatDesc></contInfo><spdoinfo><ptvctinf><esriterm Name="ADMINISTRASI_AR_KECAMATAN"><efeatyp Sync="TRUE">Simple</efeatyp><efeageom code="4" Sync="TRUE"></efeageom><esritopo Sync="TRUE">FALSE</esritopo><efeacnt Sync="TRUE">7302</efeacnt><spindex Sync="TRUE">TRUE</spindex><linrefer Sync="TRUE">FALSE</linrefer></esriterm></ptvctinf></spdoinfo></metadata>
